1_1,1_2,1_3,1_4,2_1,2_2,2_3,2_4,3_1,3_2,3_3,3_4,4_1,4_2,4_3,4_4
-1.1919262639247603,-0.5421389302002456,1.3198511796052235,-0.762656085573532,-0.5421389302002456,1.824154685713481,-0.22078244859861773,-0.4066305334997916,1.3198511796052235,-0.22078244859861773,-1.0165631749856638,0.1913124458675659,-0.762656085573532,-0.4066305334997916,0.1913124458675659,0.11950657403152809
-2.055090588013864,-0.34925784750403044,0.8450009260524021,-0.2993357370801816,-0.34925784750403044,1.8155961408290575,0.540679131317934,-0.29955180859077946,0.8450009260524021,0.540679131317934,-0.7168940319874522,-0.5895838711403951,-0.2993357370801816,-0.29955180859077946,-0.5895838711403951,0.462366284399549
-0.34151142534503354,0.36209078356553015,1.1330932119995887,-0.9155976861293911,0.36209078356553015,1.9184119631932885,0.10727797122044841,-0.09045833631366462,1.1330932119995887,0.10727797122044841,-2.3582005318873764,-0.04449665082039739,-0.9155976861293911,-0.09045833631366462,-0.04449665082039739,0.15500497587165388
-2.5703739220643627,-0.24692944047459953,0.01812630438532692,-0.13257450214888578,-0.24692944047459953,2.3431152548144607,1.2686019980309529,0.5242300386661853,0.01812630438532692,1.2686019980309529,-1.3194250202131228,-0.7453557530569207,-0.13257450214888578,0.5242300386661853,-0.7453557530569207,-0.22204568755579457
-1.025766201008317,-0.32556025156255225,0.6734880519541426,-1.029604410212833,-0.32556025156255225,2.651163501861203,0.5168826104143147,-0.8052337693763172,0.6734880519541426,0.5168826104143147,-1.1344574662608737,0.3402622533412845,-1.029604410212833,-0.8052337693763172,0.3402622533412845,-0.42744044986411506
-1.5452284556782314,-0.14953655425917564,1.1243310930135326,-1.0499689808337693,-0.14953655425917564,2.6158540935894683,0.4768805481842413,0.016697657537927943,1.1243310930135326,0.4768805481842413,-1.2091171311268862,-0.1332928518447954,-1.0499689808337693,0.016697657537927943,-0.1332928518447954,-0.3306167260423927
-1.3176954533252634,-0.46406843845658274,0.7201460988203765,-0.38938799266691215,-0.46406843845658274,2.6766707120407442,0.03474193193577524,0.3195279903821387,0.7201460988203765,0.03474193193577524,-1.0048112921086783,-0.4149165952792079,-0.38938799266691215,0.3195279903821387,-0.4149165952792079,-0.013682146475594986
-0.484539737090138,0.014842347907755571,0.6752205411643047,-0.6192510387308834,0.014842347907755571,2.527379938824618,1.0877419397195816,0.7706657190051921,0.6752205411643047,1.0877419397195816,-1.8247464340072967,0.31305849388156587,-0.6192510387308834,0.7706657190051921,0.31305849388156587,0.4342825220083816
-1.4469839902932442,-0.8270866602112227,0.08763656434745515,-0.4906053264716854,-0.8270866602112227,2.2544485176432554,0.28453459468662934,0.46655285520315914,0.08763656434745515,0.28453459468662934,-0.952462525841788,-0.5281866432191873,-0.4906053264716854,0.46655285520315914,-0.5281866432191873,0.40500981198024016
-2.044818279856234,0.05167194441038914,0.47136048206957487,-0.7949814788902124,0.05167194441038914,2.3880887802121973,0.4192285849316253,-0.6466389559259443,0.47136048206957487,0.4192285849316253,-0.583203360325529,-0.6229281215644324,-0.7949814788902124,-0.6466389559259443,-0.6229281215644324,-0.05245061903883058
-1.002638090203212,-0.584098382753534,0.6601261051810956,-0.004822696083232825,-0.584098382753534,2.6444630227858843,0.41581171067452427,-0.8889700011682747,0.6601261051810956,0.41581171067452427,-1.4744089019964004,-0.7183807297313308,-0.004822696083232825,-0.8889700011682747,-0.7183807297313308,-0.6818140613883658
-1.1458793319828935,0.053230904507438614,0.34994738198247993,-0.08824131625481468,0.053230904507438614,2.486774957193206,0.7895084095549146,0.9887458495977063,0.34994738198247993,0.7895084095549146,-1.2742652990299694,-0.6778775714389027,-0.08824131625481468,0.9887458495977063,-0.6778775714389027,-1.1696480523107933
-0.8985243752397896,-0.3582569344829304,0.5428523822125534,-0.08126607023366211,-0.3582569344829304,3.166913902831718,0.5472471329095886,-0.12932300278752512,0.5428523822125534,0.5472471329095886,-2.563599595639057,-0.2185248904023163,-0.08126607023366211,-0.12932300278752512,-0.2185248904023163,0.42428975757420895
-2.087868056801228,0.05032345474725386,-0.0017652770196823209,-0.48641860952001015,0.05032345474725386,3.044202035840179,0.8991661093366852,-0.1748270540175823,-0.0017652770196823209,0.8991661093366852,-1.5185099342761286,0.060855562574971434,-0.48641860952001015,-0.1748270540175823,0.060855562574971434,0.10694006505645454
-0.9778930404912424,-0.5832212876636175,0.08329945394381755,-0.3868037921322685,-0.5832212876636175,1.60620717712382,0.7127356936850152,-0.4718185590526064,0.08329945394381755,0.7127356936850152,-1.663104532716922,-0.5443991695210416,-0.3868037921322685,-0.4718185590526064,-0.5443991695210416,0.2628832489377471
-2.3214290013013534,-0.17489489798970748,0.37929661914815554,-0.5925610010267118,-0.17489489798970748,2.169220617058484,-0.058207139309995215,0.2542808025145231,0.37929661914815554,-0.058207139309995215,-1.8554727500495063,-0.17009080441960261,-0.5925610010267118,0.2542808025145231,-0.17009080441960261,0.06531120885313599
-0.179026630696123,0.40179875932342646,0.6146783060085431,-1.0005039112708425,0.40179875932342646,2.159427206664069,0.06432931711014933,-0.09797253621650975,0.6146783060085431,0.06432931711014933,-1.1747592231353783,0.15042015441401801,-1.0005039112708425,-0.09797253621650975,0.15042015441401801,0.15003624329954
-0.8852821499882083,-0.6673530501050442,0.8089701740031328,-0.21222975205801903,-0.6673530501050442,1.55451276898436,0.09989679935092982,-0.2247615944380466,0.8089701740031328,0.09989679935092982,-0.9843343629185888,-0.45182319310444086,-0.21222975205801903,-0.2247615944380466,-0.45182319310444086,0.7616706789351592
-1.8190206330408762,-0.1720527988668688,0.15089513069801397,-0.7664160089507333,-0.1720527988668688,1.146186312652075,0.22704939366210392,-0.15887503410443396,0.15089513069801397,0.22704939366210392,-1.1448889230535406,0.016926761895004,-0.7664160089507333,-0.15887503410443396,0.016926761895004,0.3427337055687826
-1.0720614740870107,-0.33590188675578736,-0.09241004198783354,-0.41865925688241046,-0.33590188675578736,1.725119090576967,0.587393151495573,0.017567868350873206,-0.09241004198783354,0.587393151495573,-1.5550359237595068,-0.01236688501608324,-0.41865925688241046,0.017567868350873206,-0.01236688501608324,0.1452525606957167
-1.730372660687115,-0.40691440853108624,0.32075235072904335,-1.2964212835077318,-0.40691440853108624,1.9549138587982324,0.03374341750246668,-0.21815096092282707,0.32075235072904335,0.03374341750246668,-0.844412295254402,0.2837092767143865,-1.2964212835077318,-0.21815096092282707,0.2837092767143865,-0.02753705340249747
-1.3954597056282376,-0.8627992568883949,0.6407899904641503,-1.1945135172905785,-0.8627992568883949,1.2838988860000078,0.6991535263198906,-0.9624533581673985,0.6407899904641503,0.6991535263198906,-2.2955331510979176,0.07554100194605995,-1.1945135172905785,-0.9624533581673985,0.07554100194605995,0.6796391777990775
-1.2758924327610872,-0.700468980483238,0.00240187839449868,-0.696633765294391,-0.700468980483238,2.1819741953007643,0.11245182411509314,-0.40522830970647616,0.00240187839449868,0.11245182411509314,-0.6852639409589437,-0.6393700566308371,-0.696633765294391,-0.40522830970647616,-0.6393700566308371,-0.23532576973279867
-0.4830295054782694,-0.39943589982414734,0.08949011183516764,-0.5828240942541119,-0.39943589982414734,2.8049909315516715,0.894037344011309,-0.271597733734387,0.08949011183516764,0.894037344011309,-1.3594854505659308,0.22735391292910356,-0.5828240942541119,-0.271597733734387,0.22735391292910356,0.27035185592917355
-1.7800543290062376,-0.44449172413195925,0.3410429345721975,-0.6877171584805526,-0.44449172413195925,1.27908494927041,0.5126700271837921,-0.1623487932198554,0.3410429345721975,0.5126700271837921,-1.3842047764319485,-0.21871722516622177,-0.6877171584805526,-0.1623487932198554,-0.21871722516622177,-0.016218864712596495
-1.5880821518268258,-0.8162836412600101,0.920224415522655,-0.9510623476676494,-0.8162836412600101,2.496150687911681,-0.1488231114319727,-0.1563972365866557,0.920224415522655,-0.1488231114319727,-1.8338970914605894,0.3317000889956766,-0.9510623476676494,-0.1563972365866557,0.3317000889956766,-0.20470116484715672
-0.2928812327428314,-0.6804548043465355,-0.14023466823169128,-0.3159433295738744,-0.6804548043465355,2.1536528055979534,0.5553619583958694,-0.2263172355574218,-0.14023466823169128,0.5553619583958694,-1.1263874178531954,-0.06825528513747237,-0.3159433295738744,-0.2263172355574218,-0.06825528513747237,-0.05350681153240913
-1.8408298243194379,-0.14698853244993548,0.09814345961289384,-0.25894253514989596,-0.14698853244993548,2.7842437698544504,0.7942898613926259,-0.04264027725710687,0.09814345961289384,0.7942898613926259,-1.3643271460654602,-0.045531106236284646,-0.25894253514989596,-0.04264027725710687,-0.045531106236284646,-0.781607252545535
-1.0013390649717226,0.3049443996382958,1.0662845757707893,-0.1564053106102567,0.3049443996382958,1.9823441292074855,0.6787427962486461,0.060148609698404215,1.0662845757707893,0.6787427962486461,-1.308479943168776,0.3031645947043474,-0.1564053106102567,0.060148609698404215,0.3031645947043474,0.6316541194209858
-1.3765995827247692,-0.3253368081068675,0.6441728680656278,-0.6450285020132159,-0.3253368081068675,2.624219681182206,0.6735578665632225,-0.05675111113550457,0.6441728680656278,0.6735578665632225,-1.8069279005154235,-0.04419951276921197,-0.6450285020132159,-0.05675111113550457,-0.04419951276921197,0.12616973061732809
-0.877750057145152,-0.1851239349654148,0.8728888556758136,-0.45684014343860224,-0.1851239349654148,2.4772719502019314,0.9379454071986948,0.5835755699673882,0.8728888556758136,0.9379454071986948,-0.8309495381532898,0.057520561163643236,-0.45684014343860224,0.5835755699673882,0.057520561163643236,0.5432342462796503
-0.8704953185124729,-0.04562791145470313,0.1502950149743872,-0.4313543688778029,-0.04562791145470313,2.3601567851551737,1.193593162780725,0.44764078154295295,0.1502950149743872,1.193593162780725,-1.1014165002210021,-0.7620791303477935,-0.4313543688778029,0.44764078154295295,-0.7620791303477935,-0.9250198732369963
-1.6213853432925485,-0.44285946732501436,0.5599263267705428,-0.995531943389028,-0.44285946732501436,1.6043242358183105,0.36401069475347003,-0.4710872667013053,0.5599263267705428,0.36401069475347003,-1.4187449043419864,-0.002728050773810664,-0.995531943389028,-0.4710872667013053,-0.002728050773810664,0.29693575040754605
-1.4192662140178267,-0.9859158172219102,0.8415331505333505,-0.24505368720033627,-0.9859158172219102,2.391862112394758,0.504625125963904,0.4528552048944323,0.8415331505333505,0.504625125963904,-1.4849947284166247,-0.16397166618095246,-0.24505368720033627,0.4528552048944323,-0.16397166618095246,-0.14206329382791882
-0.9709324592905985,-0.36834262770827636,0.5832254768254864,-0.9065302732679088,-0.36834262770827636,1.5615210804221733,0.4621096021355961,0.6350555245977074,0.5832254768254864,0.4621096021355961,-1.3670458738448796,0.6630135890185589,-0.9065302732679088,0.6350555245977074,0.6630135890185589,-0.3226283540479798
-1.1829888527224142,-0.6400660002867625,0.3862762612085815,-0.2828583317687491,-0.6400660002867625,2.569466033574546,0.6438691061699146,-0.11327244902817121,0.3862762612085815,0.6438691061699146,-0.5772770738901806,-0.38389510994139325,-0.2828583317687491,-0.11327244902817121,-0.38389510994139325,0.5373735899513169
-1.662868944009151,-0.48451448587482465,0.668471865980412,-0.9590985965081633,-0.48451448587482465,2.765482760675918,0.535141463289774,-0.4817807891538562,0.668471865980412,0.535141463289774,-1.5324619618966167,-0.6548499122186558,-0.9590985965081633,-0.4817807891538562,-0.6548499122186558,0.8656677874886847
-1.7123840358850884,-0.3091776861027433,0.2789492937346938,-0.7386273658561853,-0.3091776861027433,2.3794686880406255,0.5417277623622402,0.5647264075861389,0.2789492937346938,0.5417277623622402,-0.943462945133073,-0.4462293214237689,-0.7386273658561853,0.5647264075861389,-0.4462293214237689,-0.5682923965701399
-1.0225072197093223,0.41351093892520663,1.093431174833169,-0.31641791184110685,0.41351093892520663,1.7220637814212743,1.2379658629325334,0.21120301621851378,1.093431174833169,1.2379658629325334,-1.2702639826202409,-0.11101301100420044,-0.31641791184110685,0.21120301621851378,-0.11101301100420044,-0.7643388652267907
0.08159956446156325,-0.6201468672763661,0.17120226469065042,-0.3568697291342517,-0.6201468672763661,2.1545908309299993,0.7058769410906329,-0.4296828043346951,0.17120226469065042,0.7058769410906329,-1.294915583829861,-0.13419444066764946,-0.3568697291342517,-0.4296828043346951,-0.13419444066764946,0.6775191051219522
-1.4878516003502464,-0.3647692985499258,0.47350138686285725,-0.4736009890755384,-0.3647692985499258,1.8008293655954546,0.7358888688583525,-0.19505381620099216,0.47350138686285725,0.7358888688583525,-0.21570338867641836,0.3290303107782055,-0.4736009890755384,-0.19505381620099216,0.3290303107782055,0.5589109209039047
-0.6657109893035787,-0.6280078254349027,0.5961275408038331,-0.4491700937010602,-0.6280078254349027,1.772371075364385,0.6100924390802919,-0.19082702624841147,0.5961275408038331,0.6100924390802919,-1.6506671307671783,0.1948614438926518,-0.4491700937010602,-0.19082702624841147,0.1948614438926518,-0.9599079442930107
-0.9849212988925529,-0.7887280088343258,0.3182744016064842,-0.9855881760111147,-0.7887280088343258,2.311523019236988,0.4093351982342709,-0.406428588576682,0.3182744016064842,0.4093351982342709,-1.5214899131861026,-0.14972130918002619,-0.9855881760111147,-0.406428588576682,-0.14972130918002619,-0.779983347721588
-1.4296069438324583,-0.25775060119292936,0.5481753490623144,-0.4324987744454917,-0.25775060119292936,1.323929864258654,0.36633324979489196,0.1262802605450235,0.5481753490623144,0.36633324979489196,-1.6140823739908856,-0.2437098228427908,-0.4324987744454917,0.1262802605450235,-0.2437098228427908,0.9392705658465486
-0.9928086964518583,-0.477514503905603,0.5896544873848286,-0.8396180986062328,-0.477514503905603,1.7892133286935707,0.5621422922757949,0.013163266867250611,0.5896544873848286,0.5621422922757949,-1.0631621342083672,0.253420829293565,-0.8396180986062328,0.013163266867250611,0.253420829293565,0.0680261382079937
-2.089991209485011,-0.19731501366368487,0.8223702169215845,-0.21921004558077395,-0.19731501366368487,1.8951994587038479,0.874394253283634,0.198788497503816,0.8223702169215845,0.874394253283634,-1.265687427307247,-0.49922024012089494,-0.21921004558077395,0.198788497503816,-0.49922024012089494,-1.4145955467036668
-1.4857811762254292,-0.27622424153376834,0.5544548872259388,-0.7911033298945791,-0.27622424153376834,2.1693529656912536,0.5670327760394607,-0.46861048202946465,0.5544548872259388,0.5670327760394607,-2.022743413660797,-0.5512078328652948,-0.7911033298945791,-0.46861048202946465,-0.5512078328652948,-0.4596850346767133
-1.174547402276589,0.4814112374724916,0.23670393141751905,-0.8812963889245822,0.4814112374724916,1.757858214791966,0.8699703670636705,0.4628739759341801,0.23670393141751905,0.8699703670636705,-1.2793554851011424,-0.07006949822656582,-0.8812963889245822,0.4628739759341801,-0.07006949822656582,0.5955196571016588
-1.1341308430419468,-0.4213665323275183,0.4223314409456637,-0.9404674394205901,-0.4213665323275183,3.0136900110382907,1.3500577264350164,-0.2655043594298299,0.4223314409456637,1.3500577264350164,-1.0828075986507308,0.2189571793298713,-0.9404674394205901,-0.2655043594298299,0.2189571793298713,0.2522027359158932
-1.6031359378033854,0.02124963143512887,0.45324579568925616,-1.1248326088270808,0.02124963143512887,2.4102925671077386,0.39730924837298753,0.22421627376513625,0.45324579568925616,0.39730924837298753,-1.671186141814714,0.07472917381438454,-1.1248326088270808,0.22421627376513625,0.07472917381438454,0.7242199414401994
-0.5402157511730502,-0.46676274851442995,0.5626246694456629,-0.6132919113099617,-0.46676274851442995,2.641500491679999,0.2929640246653954,0.07612889477329807,0.5626246694456629,0.2929640246653954,-1.6294783890075126,-0.1670527636581979,-0.6132919113099617,0.07612889477329807,-0.1670527636581979,-0.41787005662788407
-0.9108411944468635,-0.2954261246216343,0.29985452406814084,-0.23187093661920888,-0.2954261246216343,2.3965475274566925,0.4286349605263924,-0.22704894648628007,0.29985452406814084,0.4286349605263924,-1.86125796008836,-0.32363152743593027,-0.23187093661920888,-0.22704894648628007,-0.32363152743593027,0.49051703394369905
-1.3924577800947524,-0.6086835995933444,0.9410138171896343,-0.35744744180149246,-0.6086835995933444,2.12941236022752,0.884987284534041,-0.03195559835462786,0.9410138171896343,0.884987284534041,-0.9884994745700201,-0.4732096599016508,-0.35744744180149246,-0.03195559835462786,-0.4732096599016508,0.2564925011681697
-1.8932293005962506,0.11979692446245427,0.47778628579144033,-0.3446875940683307,0.11979692446245427,2.3292349690827585,0.2107006513904086,-0.04176286952956609,0.47778628579144033,0.2107006513904086,-0.3158263257768037,-0.4940269851177632,-0.3446875940683307,-0.04176286952956609,-0.4940269851177632,-0.5263950089933707
-2.0962024931793484,-0.4097720586049915,1.2830361211162145,-0.9811105018086927,-0.4097720586049915,2.0405926291216123,0.2774813618314864,-0.04441783918107714,1.2830361211162145,0.2774813618314864,-0.5977274573987111,-0.14673255380340683,-0.9811105018086927,-0.04441783918107714,-0.14673255380340683,0.1297324816492168
-1.0051807099118644,0.16878021203867422,0.8212345776943204,-0.19283051702385745,0.16878021203867422,2.0783010740510433,0.2117209770969556,-0.054675479037011435,0.8212345776943204,0.2117209770969556,-2.6468271062635695,-0.14713797691831837,-0.19283051702385745,-0.054675479037011435,-0.14713797691831837,-0.16239990183133501
-1.6025575680374138,-0.6880604308830048,0.7620193596264395,-0.8378876012428645,-0.6880604308830048,2.0098131031054525,1.2266978337221977,0.12357052979216185,0.7620193596264395,1.2266978337221977,-0.7862794173763024,-0.6563092931925656,-0.8378876012428645,0.12357052979216185,-0.6563092931925656,-0.16964760431820203
-1.3967450422354286,-1.081696275872067,0.4162589915181303,-0.08090726365814693,-1.081696275872067,1.7067568074146737,0.3289703421450482,0.10777036851156976,0.4162589915181303,0.3289703421450482,-2.286833356994536,-0.23341211531528036,-0.08090726365814693,0.10777036851156976,-0.23341211531528036,0.18160355319260052
-1.2369415589960604,-0.10005715900045437,1.051127652426585,-0.7669548517937728,-0.10005715900045437,2.8102242560317663,0.5245238067467092,-0.4635883363709608,1.051127652426585,0.5245238067467092,-2.1573117403127062,-0.15949566146111568,-0.7669548517937728,-0.4635883363709608,-0.15949566146111568,0.47158213768887974
-1.2886969094953353,-0.2896891743339253,0.42355159404502885,-0.7147059566911315,-0.2896891743339253,2.76903675320444,0.3676663421535159,-0.5734599229315145,0.42355159404502885,0.3676663421535159,-0.6758813200445047,0.30993309544579095,-0.7147059566911315,-0.5734599229315145,0.30993309544579095,-0.3911943059503038
-1.6075176911185454,0.0581492088674912,0.7487493933110514,-0.09430820688250746,0.0581492088674912,1.0381145789493396,0.4951036805161839,-0.6010125256979305,0.7487493933110514,0.4951036805161839,-2.075860772037673,-0.40924439653590106,-0.09430820688250746,-0.6010125256979305,-0.40924439653590106,-0.013540995582300278
-1.9093742642618006,0.37728427518199126,0.42277964328060047,-0.46264755040645744,0.37728427518199126,3.097732425009749,1.1577628239940811,0.10314448782830166,0.42277964328060047,1.1577628239940811,-1.270526681441154,-0.07135230215918004,-0.46264755040645744,0.10314448782830166,-0.07135230215918004,0.2995641247666657
-2.0616969585206464,-0.4224179563714706,0.3714224406436435,-0.6815198009776215,-0.4224179563714706,1.8347550730776288,0.3932902958930637,-0.501679092114925,0.3714224406436435,0.3932902958930637,-1.0151694816597179,-0.8302557877314708,-0.6815198009776215,-0.501679092114925,-0.8302557877314708,-0.5058998551513871
-1.665034145725069,0.518205304797304,0.5635307855493584,-1.492061124202757,0.518205304797304,2.3025261476554815,0.5057101687214605,-0.6299311659610918,0.5635307855493584,0.5057101687214605,-2.4149893960527162,0.05052282202101399,-1.492061124202757,-0.6299311659610918,0.05052282202101399,0.3494359843253023
-0.8007666438022394,-0.08472577556241706,0.8593150334659789,-0.6041376170064365,-0.08472577556241706,2.221033184955826,0.6395437742452317,0.09491516526769017,0.8593150334659789,0.6395437742452317,-1.9599721976289177,0.13399785625931,-0.6041376170064365,0.09491516526769017,0.13399785625931,0.06851710799372344
-2.505333193657224,0.033305952149420115,0.47550085809660836,-0.2875005093269317,0.033305952149420115,2.4954069398902656,0.3826104854640206,-0.5603100307783646,0.47550085809660836,0.3826104854640206,-2.2131456240303717,-0.16848496910498453,-0.2875005093269317,-0.5603100307783646,-0.16848496910498453,0.024971772477787424
-1.1685169839356084,-0.6275956290027179,0.28783910248460176,-0.9124189742429168,-0.6275956290027179,2.3733068050412682,0.7799908785712308,-0.5681548001775163,0.28783910248460176,0.7799908785712308,-1.1010266172068917,-0.2057375509350462,-0.9124189742429168,-0.5681548001775163,-0.2057375509350462,-0.1239383445336233
-2.0780007820328867,-0.5521633299055251,0.45518281441578745,-0.9920163486152581,-0.5521633299055251,1.6350999427947026,0.6045362439007831,0.058111677524654376,0.45518281441578745,0.6045362439007831,-0.6192320213318526,-0.80638849668047,-0.9920163486152581,0.058111677524654376,-0.80638849668047,-0.0910254791540719
-1.2748019851792847,-0.19288282994228806,0.6814372529277899,-0.8552516130803167,-0.19288282994228806,1.8084553917525366,0.35263088385605657,0.639189731099447,0.6814372529277899,0.35263088385605657,-1.280254978253803,-0.011814783085652786,-0.8552516130803167,0.639189731099447,-0.011814783085652786,0.08222053963797428
-1.3409740993895678,-0.28009815057566884,0.6299974461903399,-0.19114149320295137,-0.28009815057566884,1.7474898289345897,0.7965785207966669,-0.3013596249780982,0.6299974461903399,0.7965785207966669,-1.3929197307268255,-0.3412156232250436,-0.19114149320295137,-0.3013596249780982,-0.3412156232250436,0.3491528134025911
-1.7417282718735105,0.19110179806806438,0.2696298984426667,-0.7913043342774203,0.19110179806806438,2.189724849634749,1.2596224511291643,0.4445486481457538,0.2696298984426667,1.2596224511291643,-2.188980021498733,-0.5018307206028186,-0.7913043342774203,0.4445486481457538,-0.5018307206028186,1.2242367565938261
-2.4079177845601345,-0.3823864514630076,0.588944561517737,-0.4893776606408913,-0.3823864514630076,1.6808016650645774,0.36309181914812527,0.18032115636916524,0.588944561517737,0.36309181914812527,-2.2305216458453554,-0.4367122936015628,-0.4893776606408913,0.18032115636916524,-0.4367122936015628,0.6562617546803701
-1.4586681564544768,-0.6135009867318266,1.303748009876275,-0.9108787605024042,-0.6135009867318266,1.8822612206623972,0.23677716386128295,-0.2850232853818899,1.303748009876275,0.23677716386128295,-1.1117881384451835,-0.22607459841181124,-0.9108787605024042,-0.2850232853818899,-0.22607459841181124,0.5114863026018236
-1.241287527559539,-0.9567579291876794,0.9433946143256429,-0.8198854005792524,-0.9567579291876794,2.624213229246732,0.12187923528895939,0.021476484717543584,0.9433946143256429,0.12187923528895939,-0.34633271589780645,-0.608321981004122,-0.8198854005792524,0.021476484717543584,-0.608321981004122,0.3622377478023626
-1.257458248321032,-0.7019038197075906,0.7081157005634501,-0.8990561409559448,-0.7019038197075906,2.3848060418115558,0.3060034694740957,-0.4147184357881685,0.7081157005634501,0.3060034694740957,-1.1233288246268107,-0.24863519348553226,-0.8990561409559448,-0.4147184357881685,-0.24863519348553226,-0.7835143308844433
-1.9188136234012285,-0.46179142814213914,0.1970357696466718,-1.0464451047267063,-0.46179142814213914,1.9852836267833904,0.5132585660775557,-0.08656454070409517,0.1970357696466718,0.5132585660775557,-2.210768788538905,-0.2273587309538599,-1.0464451047267063,-0.08656454070409517,-0.2273587309538599,0.6747293398274293
-1.5919989380805393,0.43570310224848174,0.8375856147914653,-0.23706262265999134,0.43570310224848174,1.7155883349196324,0.6502398773588278,-0.12546089961409654,0.8375856147914653,0.6502398773588278,-1.6671871285018531,-0.7857471886248235,-0.23706262265999134,-0.12546089961409654,-0.7857471886248235,-0.6863338409825125
-1.574697589907779,-0.18220937417502903,0.8674027948751276,-0.351320698292758,-0.18220937417502903,1.52877261499404,0.8934123712446914,-0.11158507147081861,0.8674027948751276,0.8934123712446914,-0.981876552557231,0.2217094304975012,-0.351320698292758,-0.11158507147081861,0.2217094304975012,0.12777835173553154
-0.5754047296403566,-0.3731915189115112,0.6778555042940381,-0.5246738574004486,-0.3731915189115112,3.122218639286306,-0.11053964787490145,0.097561525463052,0.6778555042940381,-0.11053964787490145,-1.0609120324138501,-0.7881249459852943,-0.5246738574004486,0.097561525463052,-0.7881249459852943,-0.36692176371369045
-1.3935006911956778,-0.6850652710847585,0.3668452050122505,-0.3962310234523876,-0.6850652710847585,2.2707456942920854,0.19753062283183026,-0.25651975846623587,0.3668452050122505,0.19753062283183026,-1.7201085402289507,-0.7443484851411948,-0.3962310234523876,-0.25651975846623587,-0.7443484851411948,-0.37807763062631466
-0.548537586817526,-0.132040375425755,1.2597563328540289,-0.5907761361777208,-0.132040375425755,1.068477820331864,0.36743375245534604,0.006389450029360533,1.2597563328540289,0.36743375245534604,-0.9821998814192389,-0.21213271268641667,-0.5907761361777208,0.006389450029360533,-0.21213271268641667,-0.6284075402246287
-1.055627211507413,-0.5451794211281442,0.7236438376006555,-1.0809226984631488,-0.5451794211281442,2.7303299224908417,0.598058339159813,-0.06186143505506067,0.7236438376006555,0.598058339159813,-0.5380614605787836,0.46023415837031545,-1.0809226984631488,-0.06186143505506067,0.46023415837031545,0.1453569622724884
-1.1922126387714935,-0.9867631961123949,0.5721306947854818,-0.6356177553426008,-0.9867631961123949,2.151334062815632,0.4020240444482707,0.09798357017537768,0.5721306947854818,0.4020240444482707,-1.4113376550547174,-0.42884464759463037,-0.6356177553426008,0.09798357017537768,-0.42884464759463037,0.013136771051466448
-1.085957570671964,-0.9131670401649253,0.6157660420933199,0.1199276674876617,-0.9131670401649253,2.0813088193496805,0.31635106581653527,-0.19055373247537377,0.6157660420933199,0.31635106581653527,-0.9540918344706752,-0.1878126974040265,0.1199276674876617,-0.19055373247537377,-0.1878126974040265,0.603326728521609
-1.0905030671897138,-0.6522960214127715,1.2496030558185676,-0.5182502781296059,-0.6522960214127715,2.8323365403791496,-0.0348235922722423,-0.24416700394529933,1.2496030558185676,-0.0348235922722423,-2.4832294264748827,-0.15903540710705147,-0.5182502781296059,-0.24416700394529933,-0.15903540710705147,-0.512059423886765
-0.9608708823964615,0.5067618106576609,0.011447120057774818,-0.4720212220314012,0.5067618106576609,1.41683981617425,1.9713737562155897,0.13610533820164458,0.011447120057774818,1.9713737562155897,-1.6605105803386195,0.32571544385576173,-0.4720212220314012,0.13610533820164458,0.32571544385576173,0.5473717057464037
-1.688019873184648,-0.09437778110311473,0.854779714775008,-0.366758623941501,-0.09437778110311473,1.7936757893082893,0.6370085135712044,0.29077753327390954,0.854779714775008,0.6370085135712044,-1.5192688390124163,-0.5263175739234727,-0.366758623941501,0.29077753327390954,-0.5263175739234727,-0.053744680417636886
-1.1247495135526684,0.19403885923674746,0.4466250358902781,-0.4491770682869471,0.19403885923674746,2.409842619771895,0.4825266861438899,-0.16887335150507218,0.4466250358902781,0.4825266861438899,-1.738369245935194,0.21790502012535362,-0.4491770682869471,-0.16887335150507218,0.21790502012535362,0.49486610653409513
-1.475284539230195,-0.41846826752936944,0.30773315179942073,-0.6730077671067435,-0.41846826752936944,2.1326399000246736,0.6264029835829518,0.27822268068947303,0.30773315179942073,0.6264029835829518,-1.9494275162632575,-0.3496443317513967,-0.6730077671067435,0.27822268068947303,-0.3496443317513967,-0.20876596058541752
-2.0927364828946327,-0.2096904587133367,0.9043742347696377,-1.3802084986133976,-0.2096904587133367,1.3896891898757513,-0.20165364907985317,-0.37317617912867623,0.9043742347696377,-0.20165364907985317,-1.7593664541168734,-0.2956891438130046,-1.3802084986133976,-0.37317617912867623,-0.2956891438130046,1.0432151292134317
-1.3772774592620622,-0.25111611411984125,0.5745888799818832,-0.0031736873958470024,-0.25111611411984125,1.653752482847851,0.4800001490857624,-0.13042219175886027,0.5745888799818832,0.4800001490857624,-1.2048797556736868,-0.6043758779171634,-0.0031736873958470024,-0.13042219175886027,-0.6043758779171634,1.0602934081918163
-0.6264162904121039,-0.38069776397943655,1.1496244692839,-0.41324547651120214,-0.38069776397943655,2.8408042991622544,0.440653759636547,-0.084149664569803,1.1496244692839,0.440653759636547,-1.122458230862467,0.028290144924478733,-0.41324547651120214,-0.084149664569803,0.028290144924478733,-0.8328499295710744
-1.1615539608840866,-0.7569974892749808,0.29829257777812457,-0.9317804551792758,-0.7569974892749808,1.6486559452775775,0.2525996293941868,0.3550281923584092,0.29829257777812457,0.2525996293941868,-1.3500388698559047,-1.324421131678862,-0.9317804551792758,0.3550281923584092,-1.324421131678862,-0.26426987579699485
-0.9755218819328884,-0.3935006873337197,1.1366490219198084,-1.0688222408643453,-0.3935006873337197,1.9248671555985022,0.014248137816647355,-0.13939925867525993,1.1366490219198084,0.014248137816647355,-1.5861713374477089,0.07052311741402478,-1.0688222408643453,-0.13939925867525993,0.07052311741402478,-0.35605078061793244
-2.419754247088499,-0.03423275444931706,0.8125714167771019,-0.7244283378543286,-0.03423275444931706,2.444647996378229,0.20475803750618404,0.12467663745328836,0.8125714167771019,0.20475803750618404,-1.2531919453467,-0.11910440502780775,-0.7244283378543286,0.12467663745328836,-0.11910440502780775,-0.3779283660742072
-1.6867859436663617,-0.16658459267149905,0.7654976922081638,-0.7180994527954555,-0.16658459267149905,2.3277108148298664,0.7094002587213001,0.37317479834117057,0.7654976922081638,0.7094002587213001,-1.52241643286734,-0.004714588879016518,-0.7180994527954555,0.37317479834117057,-0.004714588879016518,-0.18547349021348802
-1.7078007446108912,-0.41932426288144964,0.9323519698495335,-0.07516911453801545,-0.41932426288144964,1.7373964152560046,0.5778825534311983,-0.02888032090992216,0.9323519698495335,0.5778825534311983,-1.6783187390122607,-0.5238926063442898,-0.07516911453801545,-0.02888032090992216,-0.5238926063442898,0.12472492576600756
-1.2555135300285816,-0.07462242310057005,0.7396229153044886,-0.6728737127811532,-0.07462242310057005,2.98153848854759,0.16922130745355474,-0.341038839669147,0.7396229153044886,0.16922130745355474,-0.7539608575602378,0.2249847627501187,-0.6728737127811532,-0.341038839669147,0.2249847627501187,0.30372903298529247
-1.2513574840425856,-0.10862362703256703,0.3681504217525228,-0.1677341522487925,-0.10862362703256703,2.1534199340608584,0.9150609897274438,0.23390046430777872,0.3681504217525228,0.9150609897274438,-1.6088496218410633,-0.4005887147544015,-0.1677341522487925,0.23390046430777872,-0.4005887147544015,0.4242968767893263
-0.9388775403200509,-0.47670430704593997,0.8618734655564513,-0.7950281509296141,-0.47670430704593997,2.097454063708904,0.7523674274072081,-0.4698239385098928,0.8618734655564513,0.7523674274072081,-1.0070922502698272,0.22455937555469363,-0.7950281509296141,-0.4698239385098928,0.22455937555469363,0.6371615102027125
1.7028745312900029,1.2543559069286188,1.625274397276151,0.6399708070865648,1.2543559069286188,1.515473619489824,0.2547499557446452,-0.8723305503843377,1.625274397276151,0.2547499557446452,0.8737113880650293,0.8634631634733427,0.6399708070865648,-0.8723305503843377,0.8634631634733427,1.50919724229035
1.5629444976127909,1.0377897838993124,0.695180385102734,1.3507431232638722,1.0377897838993124,1.230267248696828,0.4225366871593496,-0.030745697639446734,0.695180385102734,0.4225366871593496,-0.22244596423004892,1.2725158497056526,1.3507431232638722,-0.030745697639446734,1.2725158497056526,1.0899444514893641
1.227916121093748,0.573702402160519,1.2557383169484022,1.8807372690154032,0.573702402160519,1.6484194885738386,0.4791941360037234,-0.4477099726692584,1.2557383169484022,0.4791941360037234,0.5125391829684824,1.2091643868563833,1.8807372690154032,-0.4477099726692584,1.2091643868563833,1.2362169592351326
2.4039762021386464,1.591649123223065,0.7204326919701104,1.035755858961017,1.591649123223065,1.2435920623152437,0.8764868289431629,-0.15124844684220892,0.7204326919701104,0.8764868289431629,0.5551374210180821,0.7070378781790232,1.035755858961017,-0.15124844684220892,0.7070378781790232,0.8784514323320344
0.7690277339518882,0.9566375712905946,1.2961796878210698,0.5664991426201459,0.9566375712905946,1.3636689154045516,0.788686342421772,-0.3476190569303531,1.2961796878210698,0.788686342421772,-0.01901990081919358,1.283469592239431,0.5664991426201459,-0.3476190569303531,1.283469592239431,1.0679703019347504
1.1269571371654314,0.8458129697928671,0.9322296541526011,1.3085488928791993,0.8458129697928671,2.0077671974638474,0.3930879220490541,-0.3461766560707405,0.9322296541526011,0.3930879220490541,0.9532110580142498,1.0912275030036003,1.3085488928791993,-0.3461766560707405,1.0912275030036003,0.8851354207225718
2.434704587057243,0.5971970331512897,1.0401866359592238,1.422718244993939,0.5971970331512897,1.5729172002376912,0.1390697742735501,-0.38320355691435987,1.0401866359592238,0.1390697742735501,0.6258278459214343,1.536634901889904,1.422718244993939,-0.38320355691435987,1.536634901889904,1.4665186095139073
1.0284315345848145,0.6164187140632443,0.6587536624796186,1.0924905184083402,0.6164187140632443,1.9253253025836692,0.8397187060174354,-0.653562092236678,0.6587536624796186,0.8397187060174354,1.8328045276247669,1.200822136870023,1.0924905184083402,-0.653562092236678,1.200822136870023,1.7571510182611514
0.9427428568576559,1.000141299924178,0.09232155410384513,0.8603506965930267,1.000141299924178,1.5660772249484642,0.9525806461966451,-0.4068718481121747,0.09232155410384513,0.9525806461966451,0.729358209164206,0.6161605166090347,0.8603506965930267,-0.4068718481121747,0.6161605166090347,1.2794229980027656
1.314314932682267,0.8019527848635617,1.0845763674241526,0.9126551512908179,0.8019527848635617,1.599525449847408,0.5063649587324544,-0.17802463113031397,1.0845763674241526,0.5063649587324544,0.5230385280095026,1.7156356511746655,0.9126551512908179,-0.17802463113031397,1.7156356511746655,0.7983194107222326
1.1801209112436548,1.1662641564419036,0.6769615684215706,1.1444764719862766,1.1662641564419036,1.8029390443181907,0.4014329767200393,-0.17934358628490804,0.6769615684215706,0.4014329767200393,0.8093904420369812,0.663057479778791,1.1444764719862766,-0.17934358628490804,0.663057479778791,1.6336633954822837
1.4779123010825244,0.5024266637490656,0.9013369088006862,0.9255806855787173,0.5024266637490656,1.8193537164397893,0.6848988526484143,-0.5794537832610194,0.9013369088006862,0.6848988526484143,0.7691166725683016,1.3095583683616983,0.9255806855787173,-0.5794537832610194,1.3095583683616983,0.26809729917685043
0.6621981083947658,0.9107042635328015,0.8683571908487485,1.1384344866626461,0.9107042635328015,2.014056946825737,0.5945033942537996,-0.47248397494742683,0.8683571908487485,0.5945033942537996,0.10647149340509632,0.9024137319320539,1.1384344866626461,-0.47248397494742683,0.9024137319320539,0.49181106231703237
1.6927030604807276,1.1120657764268402,0.4591253193461308,1.4069664752951674,1.1120657764268402,1.5425823062067003,0.5004460780289739,0.24473041307185495,0.4591253193461308,0.5004460780289739,0.398704639510222,1.0621029526608476,1.4069664752951674,0.24473041307185495,1.0621029526608476,0.7266369038382388
1.936585284498641,1.3153306550599502,0.3647427423442463,1.1209719309815707,1.3153306550599502,1.2197885712684484,0.3526306734270216,0.3792087641259519,0.3647427423442463,0.3526306734270216,0.876008742869705,0.7421806799447241,1.1209719309815707,0.3792087641259519,0.7421806799447241,1.0181594005658545
1.164453202496885,1.213956440173521,0.6149289907470937,1.302690907587533,1.213956440173521,2.527829385460916,0.46919717926667925,0.41538547842571477,0.6149289907470937,0.46919717926667925,-0.1936875511544619,0.9725272961318927,1.302690907587533,0.41538547842571477,0.9725272961318927,-0.07017395296843065
1.1230860033757435,0.7019079779823851,0.5129086700754253,1.726998455861923,0.7019079779823851,1.1794645406527673,0.7631958958977814,-0.1253425393020861,0.5129086700754253,0.7631958958977814,0.38796375941649225,0.6794262030432745,1.726998455861923,-0.1253425393020861,0.6794262030432745,1.1635804709669566
1.3915994517930668,0.9823422994201491,0.719684072071815,1.1438797655500486,0.9823422994201491,2.120199456237843,0.94335701717591,-0.4372938730508697,0.719684072071815,0.94335701717591,0.8313351722392968,0.9194999205373842,1.1438797655500486,-0.4372938730508697,0.9194999205373842,1.0663445312896787
1.2001232827488342,1.060369655487341,0.8729934220439025,1.124606677311074,1.060369655487341,1.877281375178644,0.4742460697876986,-0.16891326702470652,0.8729934220439025,0.4742460697876986,0.36635799679571857,1.1969672426053648,1.124606677311074,-0.16891326702470652,1.1969672426053648,0.9933934667857636
2.0494431809242935,0.7989458716007339,0.7593106204504647,1.3577138043895922,0.7989458716007339,1.2923905371877102,0.3445101785274499,-0.581059347395098,0.7593106204504647,0.3445101785274499,0.3309628529005485,1.4388568596912683,1.3577138043895922,-0.581059347395098,1.4388568596912683,0.11992462565317841
0.9616484456438317,0.7744649828622843,0.7108403350113565,1.0136871074777858,0.7744649828622843,1.731437859750495,0.6980817674820676,0.45249654175723436,0.7108403350113565,0.6980817674820676,-0.08315902142584342,1.1347449871883686,1.0136871074777858,0.45249654175723436,1.1347449871883686,1.7733584670337594
0.9346871087114361,1.218744286856013,1.0733757427820887,0.9310000380942579,1.218744286856013,1.2376580448610142,0.7129229127302031,-0.09635445810768956,1.0733757427820887,0.7129229127302031,0.4950637406434488,1.2382084293437623,0.9310000380942579,-0.09635445810768956,1.2382084293437623,1.131324911301981
0.5059699546460107,1.0010324483411057,0.7804335133328847,1.6741560747508442,1.0010324483411057,1.6215245230960134,0.5936982751480788,0.16725218582288426,0.7804335133328847,0.5936982751480788,0.8585350594770973,0.6123696821231568,1.6741560747508442,0.16725218582288426,0.6123696821231568,0.5850936082031757
1.8153825920439304,0.37411839189476515,0.4765318418237122,0.6243567737859997,0.37411839189476515,2.1598353508660506,0.48329356357332887,-0.18933215623381316,0.4765318418237122,0.48329356357332887,-0.03471445655955385,1.2887790962260537,0.6243567737859997,-0.18933215623381316,1.2887790962260537,0.8624240138125601
1.2356209681716803,1.3488270860098794,0.6892311620622835,1.099742614608451,1.3488270860098794,2.188231452520575,0.5548163615781154,-0.3829037947750308,0.6892311620622835,0.5548163615781154,0.6689086955796505,0.9947350530431814,1.099742614608451,-0.3829037947750308,0.9947350530431814,1.762988949238518
1.755892917218734,1.160480649522164,0.39393929798359173,1.1463199581594918,1.160480649522164,1.2514953055343843,0.06841274866454822,-0.12994912157848346,0.39393929798359173,0.06841274866454822,0.49708716083650806,1.4984343680964662,1.1463199581594918,-0.12994912157848346,1.4984343680964662,0.5930707580735283
0.8797168983228001,0.7888700293094144,0.8980966313769809,0.6262294831650901,0.7888700293094144,1.493747615040363,0.6604279819191397,-0.4590879696651818,0.8980966313769809,0.6604279819191397,-0.2935410279768711,1.0719655463257203,0.6262294831650901,-0.4590879696651818,1.0719655463257203,0.9716453390670061
2.1549586176458586,0.7111822237259906,1.2391230179450181,1.2482167433965197,0.7111822237259906,1.2689611432977506,-0.21291304969966707,0.5660657241890823,1.2391230179450181,-0.21291304969966707,0.1678448877466296,1.1892925816926614,1.2482167433965197,0.5660657241890823,1.1892925816926614,0.8307441412446893
1.549097293618352,0.9728600811359435,1.5223552438231533,0.7412197196723582,0.9728600811359435,1.7287195936098292,1.1423298856270194,-0.26829948964722167,1.5223552438231533,1.1423298856270194,0.6888208165431284,1.3275387268928731,0.7412197196723582,-0.26829948964722167,1.3275387268928731,1.4002687793212731
0.46004513144164805,0.8017033978037088,1.021580095317707,1.0858165173420349,0.8017033978037088,2.4395606160584373,-0.12620662111594327,-0.30809893378804776,1.021580095317707,-0.12620662111594327,-0.05006931307674345,0.75877047687845,1.0858165173420349,-0.30809893378804776,0.75877047687845,0.9346123028689663
2.084516275953473,0.580815121178647,1.18381529725527,0.8800513382719916,0.580815121178647,1.5946151392607468,-0.10438481344518658,0.20822392797429007,1.18381529725527,-0.10438481344518658,1.37265848087325,0.6810848007774106,0.8800513382719916,0.20822392797429007,0.6810848007774106,0.9421040609463424
1.7322812535745982,0.9077677635046941,1.3901931699712278,1.1676094552127294,0.9077677635046941,1.632612545299953,0.7790560305571512,-0.5119245815860014,1.3901931699712278,0.7790560305571512,1.1697655375304268,1.1758380622968803,1.1676094552127294,-0.5119245815860014,1.1758380622968803,1.7024145223972242
1.2134108868285762,0.2424852200666937,0.5354751160429319,1.3616746605102799,0.2424852200666937,1.9519474683117353,0.4203462597883454,0.12484747288736164,0.5354751160429319,0.4203462597883454,0.3043320313885964,0.7246436984778137,1.3616746605102799,0.12484747288736164,0.7246436984778137,0.8025564824048821
2.397704413649275,1.3025779348119666,0.8065568436197487,1.0747521000510758,1.3025779348119666,2.327088905462611,0.32233793134218724,-0.8026820641749295,0.8065568436197487,0.32233793134218724,0.4371954432503711,1.6544182920365553,1.0747521000510758,-0.8026820641749295,1.6544182920365553,1.2172840030098904
2.1605290173999006,0.8086030040371429,0.9394001141554537,0.6255381529093592,0.8086030040371429,1.8994588268994883,0.8107754877768298,-0.17524952422938767,0.9394001141554537,0.8107754877768298,0.8434254184709455,1.0154590247278443,0.6255381529093592,-0.17524952422938767,1.0154590247278443,1.8702777962382537
1.5675850010020898,1.5189225143968004,1.4514308472776374,1.100996334500405,1.5189225143968004,1.763195156188516,0.14865243700195246,0.14523700044722343,1.4514308472776374,0.14865243700195246,0.04269767993729501,0.611419363345602,1.100996334500405,0.14523700044722343,0.611419363345602,0.9642869112559865
1.6420149287683101,0.9457999405097693,1.0586177025181909,1.4220562948893067,0.9457999405097693,1.6530062980310642,0.6887420743357981,-0.38862851156455563,1.0586177025181909,0.6887420743357981,1.1415260854552476,1.5876042090829587,1.4220562948893067,-0.38862851156455563,1.5876042090829587,1.3782013529058177
2.296821064939005,1.4829443381166008,0.674378265742401,0.7159714430624178,1.4829443381166008,2.0915860242376194,0.440326531128825,-0.5073021359773005,0.674378265742401,0.440326531128825,0.47657035692285143,1.0205810444320311,0.7159714430624178,-0.5073021359773005,1.0205810444320311,1.7589068807668498
1.730989770908913,1.3239222414477636,0.8279846815125169,0.6347430915370288,1.3239222414477636,1.6062211755521687,0.31469475612610187,0.2060850689298207,0.8279846815125169,0.31469475612610187,0.8319296614881591,1.4909849595984555,0.6347430915370288,0.2060850689298207,1.4909849595984555,0.3486387077823526
1.644441304768979,0.9094639008468162,1.3519625763451377,0.6213231382965384,0.9094639008468162,1.8529160250757453,0.5053184339020146,-0.7525501677124447,1.3519625763451377,0.5053184339020146,-0.013111141684140737,1.372960549373483,0.6213231382965384,-0.7525501677124447,1.372960549373483,1.7720504043777283
1.2961932476945495,1.2941161146114508,0.9808375409670664,1.9737591386207238,1.2941161146114508,1.3112582817981542,0.9127631451221833,0.14719558445436925,0.9808375409670664,0.9127631451221833,1.681028220559386,1.0634965385151458,1.9737591386207238,0.14719558445436925,1.0634965385151458,1.256943449172029
0.5786840138478003,0.8301173630903868,0.8924322625561201,1.0351720440907608,0.8301173630903868,2.2144866332275552,0.4557699826332863,-0.18331670833211638,0.8924322625561201,0.4557699826332863,1.4707795950267997,0.8554457198004162,1.0351720440907608,-0.18331670833211638,0.8554457198004162,1.6288817438989325
0.6879254257571326,0.742627076911592,1.1553822787130812,1.189138811916619,0.742627076911592,2.4781196954974645,0.11564932621095597,-0.507473048451724,1.1553822787130812,0.11564932621095597,0.41058992876100797,1.2923003273088551,1.189138811916619,-0.507473048451724,1.2923003273088551,0.9205614268575429
1.8471298735643544,1.0773533681866463,1.318095880225595,1.776259243727504,1.0773533681866463,1.84128584535619,0.5204245581800206,-0.14853417878974426,1.318095880225595,0.5204245581800206,0.6991125708922464,1.3310652570278019,1.776259243727504,-0.14853417878974426,1.3310652570278019,-0.31432198609478323
2.2495075819026407,0.8171513511005459,1.2384305685170172,1.5980028109658444,0.8171513511005459,1.1587268330619502,1.1842331729955784,-0.3137947312080384,1.2384305685170172,1.1842331729955784,0.26846570713069123,1.0902211546376388,1.5980028109658444,-0.3137947312080384,1.0902211546376388,0.9369992039566664
0.5592689972729025,0.5859473098229068,1.2508753198162017,1.1210421837535518,0.5859473098229068,1.8204138428582322,0.7557921502878215,-0.06786864653680498,1.2508753198162017,0.7557921502878215,0.4595490284018915,1.0589944958594728,1.1210421837535518,-0.06786864653680498,1.0589944958594728,0.7622342476316002
1.5978750554825467,1.5151181565439145,0.4464917706726128,1.0384200786638462,1.5151181565439145,2.1251313725419645,0.236685584419293,0.6147579761689965,0.4464917706726128,0.236685584419293,0.47597043894740404,0.5735943718790724,1.0384200786638462,0.6147579761689965,0.5735943718790724,1.8010624481793638
0.9268094875309832,0.8646084505229497,0.5241375348152746,0.820128345943272,0.8646084505229497,1.9958161054867098,0.4505136033169953,0.33450117614143443,0.5241375348152746,0.4505136033169953,-0.3381463798913398,1.3415420741867252,0.820128345943272,0.33450117614143443,1.3415420741867252,0.8163880800743216
1.838975096486254,0.3105751416851885,1.2241176417434534,1.1161072928151903,0.3105751416851885,2.3878562730090067,0.44395457085075235,0.177502145374561,1.2241176417434534,0.44395457085075235,1.904246966965672,0.7071385340392644,1.1161072928151903,0.177502145374561,0.7071385340392644,1.0931892627600803
0.5898579329906178,0.8687445668700343,0.409407778554166,1.0189966908528612,0.8687445668700343,1.9972708173177418,0.5423021550360401,-0.230923178830108,0.409407778554166,0.5423021550360401,0.6456823862159207,1.0587344574826667,1.0189966908528612,-0.230923178830108,1.0587344574826667,0.6453923110458123
1.384071920458144,0.7807813212379789,0.47067156770578755,0.6315032686862934,0.7807813212379789,1.4820234831659789,0.8178846917813238,0.1978883837183789,0.47067156770578755,0.8178846917813238,0.37745243431716746,0.9444587328949934,0.6315032686862934,0.1978883837183789,0.9444587328949934,0.6414758868791428
0.8668623706000059,0.8765064518254485,0.9445927676193621,2.1355121539056103,0.8765064518254485,1.7299425189916542,0.894884913840164,0.02614255888156325,0.9445927676193621,0.894884913840164,0.3855862566188756,0.7114139739082743,2.1355121539056103,0.02614255888156325,0.7114139739082743,0.6871350736244174
1.970628015938563,1.400051111106503,1.0968019643974865,0.9811556604047482,1.400051111106503,2.5548113166405257,1.2160696973103224,-0.34404240382936646,1.0968019643974865,1.2160696973103224,0.41719081168029637,1.1486266838720003,0.9811556604047482,-0.34404240382936646,1.1486266838720003,1.0583948287048783
1.5966586592861929,1.3743213860596384,0.3295127202092648,1.1906970598386188,1.3743213860596384,1.7395500442650174,0.30613316851235767,0.06103062719430463,0.3295127202092648,0.30613316851235767,0.34267023954060216,1.273454548535748,1.1906970598386188,0.06103062719430463,1.273454548535748,1.2502559069463497
1.7023590944983717,0.678213456487132,0.7342811084029862,1.0228916275974695,0.678213456487132,2.810502106218796,0.42659680157101176,0.10524185139113063,0.7342811084029862,0.42659680157101176,1.1353815895949109,0.4547548105110415,1.0228916275974695,0.10524185139113063,0.4547548105110415,1.2186207910709943
0.5199794708740701,0.5651423937038589,0.7769475051690669,1.5791318793503266,0.5651423937038589,1.3174770285399267,0.6053542361744355,-0.0027065086531895544,0.7769475051690669,0.6053542361744355,0.920787001694951,1.3641813548989958,1.5791318793503266,-0.0027065086531895544,1.3641813548989958,0.42827806689781267
0.5079310059642609,-0.011843819612100126,1.2684984140552373,1.3977331161798745,-0.011843819612100126,2.2943413305540536,0.2729885838422429,-0.0032103923383850486,1.2684984140552373,0.2729885838422429,0.5542934820890644,0.6894998587650167,1.3977331161798745,-0.0032103923383850486,0.6894998587650167,0.8440770606978766
1.4387279359635294,1.287989422494665,1.1777779701852176,1.2433272317704405,1.287989422494665,2.050150656277174,0.14646617014450164,-0.22084111488212688,1.1777779701852176,0.14646617014450164,-0.4822566964680297,1.7387398572359163,1.2433272317704405,-0.22084111488212688,1.7387398572359163,0.9860683689524617
1.6962777525009303,0.46129995475100505,0.9550593620694258,1.0026127514958028,0.46129995475100505,1.9340708715343649,0.8710386426897921,-0.2349094197316235,0.9550593620694258,0.8710386426897921,0.7700336952808434,1.0801866016318464,1.0026127514958028,-0.2349094197316235,1.0801866016318464,-0.4010459235187467
1.8682639600375701,0.8110475384961022,1.3738000404437203,1.420495617067826,0.8110475384961022,1.5130053173733147,-0.18159086719003092,-0.07009685359812824,1.3738000404437203,-0.18159086719003092,1.5035819521007638,0.35987322577325587,1.420495617067826,-0.07009685359812824,0.35987322577325587,-0.3013300721088874
1.4665878105016097,0.9993904304309652,0.3083986526866206,2.148381197700827,0.9993904304309652,1.9109967484665362,0.7104661663067258,-0.10039797499828215,0.3083986526866206,0.7104661663067258,0.530865440134159,1.0299217827347364,2.148381197700827,-0.10039797499828215,1.0299217827347364,0.3037669411379659
1.1445441916512111,1.3442961965045872,1.3501804540530769,1.1730930200641576,1.3442961965045872,1.8349993402599065,0.5272915130774897,-0.3237576865513109,1.3501804540530769,0.5272915130774897,-0.23119499314322578,1.6411111213195742,1.1730930200641576,-0.3237576865513109,1.6411111213195742,1.6034854527895601
0.5936679073786701,0.700884017864204,0.4686153355200512,1.5154061474373948,0.700884017864204,1.5386467997126712,0.5229729241514594,-0.24146144072786996,0.4686153355200512,0.5229729241514594,0.7035990452749308,0.9606035807477848,1.5154061474373948,-0.24146144072786996,0.9606035807477848,1.710277258691228
1.0352145263863157,1.1022855685948203,0.28122944907565206,1.4923367729695003,1.1022855685948203,1.8124699258224901,0.6777208830898975,-0.32887459357663557,0.28122944907565206,0.6777208830898975,1.1022179887970043,1.0567536418375298,1.4923367729695003,-0.32887459357663557,1.0567536418375298,0.7243936198538452
1.7418581216906768,0.7949466961501129,1.8011452231632754,1.2697121657326584,0.7949466961501129,2.4071664194177034,0.08019959124792703,0.5031934708572021,1.8011452231632754,0.08019959124792703,0.9992076841242947,1.2579616619945797,1.2697121657326584,0.5031934708572021,1.2579616619945797,1.5576377673515114
0.8047048209705623,1.30010111283641,1.2346109281658304,1.6896957697221553,1.30010111283641,1.8640278447408831,0.46342311379521733,-0.5873001641453923,1.2346109281658304,0.46342311379521733,0.35210820653905817,1.7619499226947095,1.6896957697221553,-0.5873001641453923,1.7619499226947095,1.906504404080581
2.4497647552281085,0.5830044276337762,1.145023020213025,1.6103767487190974,0.5830044276337762,1.6073234321586112,1.0344758255998823,-0.3481317849423049,1.145023020213025,1.0344758255998823,1.4546414306556619,1.4916960377036779,1.6103767487190974,-0.3481317849423049,1.4916960377036779,0.9134057860443325
1.8173752099045066,0.7756208093292045,1.1222000156961067,1.0091995985769906,0.7756208093292045,1.8509946039914407,0.0032076282457066396,-0.5076195231020786,1.1222000156961067,0.0032076282457066396,-0.2000822931094134,0.7980530606769398,1.0091995985769906,-0.5076195231020786,0.7980530606769398,0.8269959191690819
1.0734392772362735,1.2321927647426478,1.2389031012002596,0.9789601542124098,1.2321927647426478,1.9963330740844853,0.8463403520307575,-0.4490230902123656,1.2389031012002596,0.8463403520307575,-0.21209549806363115,0.9079123499021873,0.9789601542124098,-0.4490230902123656,0.9079123499021873,2.2170041177719835
1.184327187319551,0.0431127946074098,0.9223791056076063,1.0620782035357705,0.0431127946074098,1.1020026384088086,0.4993610208224409,-0.19089079134341763,0.9223791056076063,0.4993610208224409,0.474011560425724,1.8848589060730667,1.0620782035357705,-0.19089079134341763,1.8848589060730667,1.1075562112286688
1.2247621214757556,0.3298906282750135,0.8389674801159752,0.9300691102817724,0.3298906282750135,0.9093348342957672,0.011426540940126295,0.18868598308216067,0.8389674801159752,0.011426540940126295,1.470455835331685,0.8750556728953374,0.9300691102817724,0.18868598308216067,0.8750556728953374,1.0999980676610903
1.0629660973573833,0.5335900370788496,0.3840335690461273,1.1492592320369341,0.5335900370788496,1.9695964851174501,1.0593145568390194,-0.5761777663797747,0.3840335690461273,1.0593145568390194,-0.2389289947285992,1.8512456894664853,1.1492592320369341,-0.5761777663797747,1.8512456894664853,2.2464929350119003
1.942309064484302,1.2555232909127936,1.2960837726123398,1.2249229645531694,1.2555232909127936,1.1028745182246213,-0.1587423011108301,-0.6627903477312334,1.2960837726123398,-0.1587423011108301,0.48779238840419514,0.7181753306478442,1.2249229645531694,-0.6627903477312334,0.7181753306478442,1.702051874836866
1.279412452327296,1.1797299158946464,0.528063718950265,1.4055900635648506,1.1797299158946464,2.213022439783361,0.6498760937360595,0.336018893827495,0.528063718950265,0.6498760937360595,-0.12261357379126414,1.0457557460321403,1.4055900635648506,0.336018893827495,1.0457557460321403,1.3020027063010686
1.0566280133987953,1.8914800164591825,0.5134285668449288,0.6384505824905506,1.8914800164591825,1.2359604138107472,0.8750314093392303,-0.45174090850304727,0.5134285668449288,0.8750314093392303,0.7578501325825101,0.9642117946075748,0.6384505824905506,-0.45174090850304727,0.9642117946075748,1.622447016805489
0.8399837101991487,1.0598540562320962,-0.04626212810508079,0.890397250889902,1.0598540562320962,0.9519265001031153,0.6283364150376929,-0.5178963621221894,-0.04626212810508079,0.6283364150376929,1.6724010854443525,1.2513463447241897,0.890397250889902,-0.5178963621221894,1.2513463447241897,1.305325347477658
1.69342592852096,0.8550909329520237,0.7544115351476708,0.3152421984146345,0.8550909329520237,1.3178747827828514,0.7638458949119711,-0.3180360181335532,0.7544115351476708,0.7638458949119711,0.6073206026850363,1.4169531054710496,0.3152421984146345,-0.3180360181335532,1.4169531054710496,2.10105245323802
1.1314179990099735,1.0008194108002304,0.6491944636652041,1.185427479378079,1.0008194108002304,1.5527451037463307,0.36461630066972817,-0.38252663745194715,0.6491944636652041,0.36461630066972817,-0.4105657143335444,1.361147122858628,1.185427479378079,-0.38252663745194715,1.361147122858628,1.4452999937221709
1.165272185963067,1.183135546299836,1.0385284747533978,1.0590771404549477,1.183135546299836,3.1905191741785357,0.8486812072848882,0.0661886540484109,1.0385284747533978,0.8486812072848882,0.13833968020007892,0.8244113119741088,1.0590771404549477,0.0661886540484109,0.8244113119741088,1.9056908201827563
1.9153503265353211,1.522512702183563,0.5286309142174845,0.5397346432510737,1.522512702183563,1.2807985700738276,0.6063513382610717,0.27127101293434946,0.5286309142174845,0.6063513382610717,1.207567495296106,1.155829258704482,0.5397346432510737,0.27127101293434946,1.155829258704482,1.062537866515473
1.5881959558865744,1.45006678682396,1.2506496233270656,1.1131251162116549,1.45006678682396,1.1971699800948183,0.3666884617366052,-0.5014415681837574,1.2506496233270656,0.3666884617366052,0.9192022633616455,1.1900491075219293,1.1131251162116549,-0.5014415681837574,1.1900491075219293,1.8891499243568657
1.7656291331073946,0.7912234371975944,0.9636443446124543,1.4077590011438827,0.7912234371975944,2.1306114574526944,0.7868118416582038,-0.3092720531415656,0.9636443446124543,0.7868118416582038,0.7856454869869414,1.3768365486816685,1.4077590011438827,-0.3092720531415656,1.3768365486816685,0.5417861558676873
1.2207254719440184,0.8725936310937663,0.4164545774553161,1.1879518301299339,0.8725936310937663,0.8336714088597689,0.6168243974631854,-0.47341758049859656,0.4164545774553161,0.6168243974631854,0.3300360940383493,0.9998220704139511,1.1879518301299339,-0.47341758049859656,0.9998220704139511,1.6856680555833066
1.6045839818741268,1.1571607695238681,0.8906805911113842,1.0509192691820555,1.1571607695238681,2.0935959945646223,0.8203480597476971,-0.2862154086642445,0.8906805911113842,0.8203480597476971,0.5216934519784575,0.972184613485213,1.0509192691820555,-0.2862154086642445,0.972184613485213,0.4981845914580047
0.4196320764033198,1.0896147467500938,0.6818790648499059,1.5625621822913909,1.0896147467500938,1.265064328353181,0.9199535736803434,-0.11796347712971235,0.6818790648499059,0.9199535736803434,0.700235684875547,0.706839872406458,1.5625621822913909,-0.11796347712971235,0.706839872406458,1.7118615949278033
1.2395549910025707,0.9603974936245968,1.0107509388269413,0.9295320779069111,0.9603974936245968,1.518485942993339,0.9850101155420512,-0.3215124921271837,1.0107509388269413,0.9850101155420512,0.5166033344541857,1.2627059482396112,0.9295320779069111,-0.3215124921271837,1.2627059482396112,1.7792922391575194
1.5388843175662617,0.9828671109548343,0.839000539137476,0.9484364226191289,0.9828671109548343,1.6269857792264797,1.0013007851831226,-0.43651545711551965,0.839000539137476,1.0013007851831226,1.3085753883261204,1.7558259147141793,0.9484364226191289,-0.43651545711551965,1.7558259147141793,0.44752170243130396
1.1959400327960974,1.655405233483274,0.8575069675346231,1.4196649885509953,1.655405233483274,1.6425443021409267,0.5537497223737672,-0.13097149000005398,0.8575069675346231,0.5537497223737672,0.6321391487277422,0.9715316250847279,1.4196649885509953,-0.13097149000005398,0.9715316250847279,0.6856118272181664
0.9417377888286708,0.5244501082405146,1.4907850983358082,1.535304261003717,0.5244501082405146,2.023310625298696,1.3043458264783543,-0.5918648825337693,1.4907850983358082,1.3043458264783543,0.2102109652871183,1.0238884654087685,1.535304261003717,-0.5918648825337693,1.0238884654087685,0.9729136210460633
0.5076968919355812,0.6013997351151397,1.1730680508195892,1.3030917502139912,0.6013997351151397,1.0230917974502933,0.6381692340444114,-1.0451351474661168,1.1730680508195892,0.6381692340444114,0.9455226015214755,1.0308533126815693,1.3030917502139912,-1.0451351474661168,1.0308533126815693,1.4647220849691194
1.5273142696204616,1.435503263955873,0.889066833068352,1.4099646538133037,1.435503263955873,-0.04894538144251559,0.1443948128326159,-0.2934806358672635,0.889066833068352,0.1443948128326159,1.2039205555131334,1.1052794667886134,1.4099646538133037,-0.2934806358672635,1.1052794667886134,1.0511662029895235
0.43161811862615584,1.213239436410555,1.179755184908735,1.123584173838535,1.213239436410555,1.5495310899493913,0.10947557640699568,-0.26657864664701103,1.179755184908735,0.10947557640699568,0.5759628797391655,1.5651136158564496,1.123584173838535,-0.26657864664701103,1.5651136158564496,0.7470453427250368
1.0768045632931385,0.47159955922154706,0.8713083904998727,2.1538202653114307,0.47159955922154706,1.5593507219254623,0.2016562913191215,-0.3562871481356622,0.8713083904998727,0.2016562913191215,0.6895113949690104,1.0462186891874294,2.1538202653114307,-0.3562871481356622,1.0462186891874294,0.7653307528435418
1.7644167023820383,1.0004323350010438,0.39019076810094805,0.7773533137760524,1.0004323350010438,1.5301147743825305,0.6261789168804213,-0.09822808519356618,0.39019076810094805,0.6261789168804213,0.7916901444517487,0.8861798309884623,0.7773533137760524,-0.09822808519356618,0.8861798309884623,0.9576159090227641
1.4591358814186024,0.37216972796898407,0.8777555328503067,1.1984951306145906,0.37216972796898407,2.3254871945387623,0.32799077310173946,-0.32635471792038867,0.8777555328503067,0.32799077310173946,0.27924714472631434,0.8239617714129966,1.1984951306145906,-0.32635471792038867,0.8239617714129966,1.5242198515181133
1.2770173363650148,1.3395261048744056,1.2987382719676077,1.1193435566588446,1.3395261048744056,1.8567704790681197,0.9164084971046461,-0.46292662874196866,1.2987382719676077,0.9164084971046461,0.7543463264953914,0.6457669336769339,1.1193435566588446,-0.46292662874196866,0.6457669336769339,1.2330884452666095
1.7446278808898246,0.7008605391290854,0.5360334483736093,0.8605976592442728,0.7008605391290854,2.282416394088828,0.7482528441206684,-0.7918911860684275,0.5360334483736093,0.7482528441206684,1.51331548274958,1.183322351643295,0.8605976592442728,-0.7918911860684275,1.183322351643295,0.4501103821423268
1.4933486469212054,1.343076679223353,0.7376842659028617,1.1739448192599657,1.343076679223353,1.8848209203840054,0.8640928892703859,0.47662646003636516,0.7376842659028617,0.8640928892703859,1.5929492680718933,0.5586661425899277,1.1739448192599657,0.47662646003636516,0.5586661425899277,0.580136635504547
0.6576582267863756,1.3672325342724228,1.2824102100288688,1.5067691192635873,1.3672325342724228,1.9176514625386016,0.24085722569033796,-0.5103677535770246,1.2824102100288688,0.24085722569033796,1.108086987686303,1.5526371006881263,1.5067691192635873,-0.5103677535770246,1.5526371006881263,1.3449273031791638
0.8893868218418836,0.618195162833379,1.2514559818145998,1.0058694234388699,0.618195162833379,1.86255760927257,0.7071226506711544,-0.062286401426269566,1.2514559818145998,0.7071226506711544,-0.20812602082018017,1.206356984532632,1.0058694234388699,-0.062286401426269566,1.206356984532632,1.3815171678285272
